entity,entity_human_readable,subject,predicate,predicate_human_readable,object,object_human_readable,category,label
Q836667,Under Pressure,http://www.wikidata.org/entity/Q836667,http://www.wikidata.org/prop/direct/P264,record label,http://www.wikidata.org/entity/Q183412,EMI,songs,1
Q568065,Another One Bites the Dust,http://www.wikidata.org/entity/Q568065,http://www.wikidata.org/prop/direct/P264,record label,http://www.wikidata.org/entity/Q183412,EMI,songs,1
Q1075363,'39,http://www.wikidata.org/entity/Q1075363,http://www.wikidata.org/prop/direct/P264,record label,http://www.wikidata.org/entity/Q183412,EMI,songs,1
Q744564,Somebody to Love,http://www.wikidata.org/entity/Q744564,http://www.wikidata.org/prop/direct/P264,record label,http://www.wikidata.org/entity/Q183412,EMI,songs,1
Q222586,Who Wants to Live Forever,http://www.wikidata.org/entity/Q222586,http://www.wikidata.org/prop/direct/P264,record label,http://www.wikidata.org/entity/Q183412,EMI,songs,1
Q839848,You're My Best Friend,http://www.wikidata.org/entity/Q839848,http://www.wikidata.org/prop/direct/P264,record label,http://www.wikidata.org/entity/Q183412,EMI,songs,1
Q486421,Anarchy in the U.K.,http://www.wikidata.org/entity/Q486421,http://www.wikidata.org/prop/direct/P264,record label,http://www.wikidata.org/entity/Q183412,EMI,songs,1
Q540744,When Love Takes Over,http://www.wikidata.org/entity/Q540744,http://www.wikidata.org/prop/direct/P264,record label,http://www.wikidata.org/entity/Q183412,EMI,songs,1
Q1072053,I Was Born to Love You,http://www.wikidata.org/entity/Q1072053,http://www.wikidata.org/prop/direct/P264,record label,http://www.wikidata.org/entity/Q183412,EMI,songs,1
Q688209,Sexy Bitch,http://www.wikidata.org/entity/Q688209,http://www.wikidata.org/prop/direct/P264,record label,http://www.wikidata.org/entity/Q183412,EMI,songs,1
Q1033415,Hammer to Fall,http://www.wikidata.org/entity/Q1033415,http://www.wikidata.org/prop/direct/P264,record label,http://www.wikidata.org/entity/Q183412,EMI,songs,1
Q264053,Princes of the Universe,http://www.wikidata.org/entity/Q264053,http://www.wikidata.org/prop/direct/P264,record label,http://www.wikidata.org/entity/Q183412,EMI,songs,1
Q1001928,Flash,http://www.wikidata.org/entity/Q1001928,http://www.wikidata.org/prop/direct/P264,record label,http://www.wikidata.org/entity/Q183412,EMI,songs,1
Q550084,Last Night a D.J. Saved My Life,http://www.wikidata.org/entity/Q550084,http://www.wikidata.org/prop/direct/P264,record label,http://www.wikidata.org/entity/Q183412,EMI,songs,1
Q556374,We Are the People,http://www.wikidata.org/entity/Q556374,http://www.wikidata.org/prop/direct/P264,record label,http://www.wikidata.org/entity/Q183412,EMI,songs,1
Q849262,Breakthru,http://www.wikidata.org/entity/Q849262,http://www.wikidata.org/prop/direct/P264,record label,http://www.wikidata.org/entity/Q183412,EMI,songs,1
Q1016721,Burn,http://www.wikidata.org/entity/Q1016721,http://www.wikidata.org/prop/direct/P264,record label,http://www.wikidata.org/entity/Q183412,EMI,songs,1
Q1003996,Friends Will Be Friends,http://www.wikidata.org/entity/Q1003996,http://www.wikidata.org/prop/direct/P264,record label,http://www.wikidata.org/entity/Q183412,EMI,songs,1
Q1050925,Save Me,http://www.wikidata.org/entity/Q1050925,http://www.wikidata.org/prop/direct/P264,record label,http://www.wikidata.org/entity/Q183412,EMI,songs,1
Q1075319,The Invisible Man,http://www.wikidata.org/entity/Q1075319,http://www.wikidata.org/prop/direct/P264,record label,http://www.wikidata.org/entity/Q183412,EMI,songs,1
Q645342,Where Them Girls At,http://www.wikidata.org/entity/Q645342,http://www.wikidata.org/prop/direct/P264,record label,http://www.wikidata.org/entity/Q183412,EMI,songs,1
Q1187330,Scandal,http://www.wikidata.org/entity/Q1187330,http://www.wikidata.org/prop/direct/P264,record label,http://www.wikidata.org/entity/Q183412,EMI,songs,1
Q1415416,Gettin' Over You,http://www.wikidata.org/entity/Q1415416,http://www.wikidata.org/prop/direct/P264,record label,http://www.wikidata.org/entity/Q183412,EMI,songs,1
Q524549,Étienne,http://www.wikidata.org/entity/Q524549,http://www.wikidata.org/prop/direct/P264,record label,http://www.wikidata.org/entity/Q183412,EMI,songs,1
Q579284,She Wolf,http://www.wikidata.org/entity/Q579284,http://www.wikidata.org/prop/direct/P264,record label,http://www.wikidata.org/entity/Q183412,EMI,songs,1
Q726628,I treni di Tozeur,http://www.wikidata.org/entity/Q726628,http://www.wikidata.org/prop/direct/P264,record label,http://www.wikidata.org/entity/Q183412,EMI,songs,1
Q527377,Pain Is So Close to Pleasure,http://www.wikidata.org/entity/Q527377,http://www.wikidata.org/prop/direct/P264,record label,http://www.wikidata.org/entity/Q183412,EMI,songs,1
Q1371262,Ethiopie,http://www.wikidata.org/entity/Q1371262,http://www.wikidata.org/prop/direct/P264,record label,http://www.wikidata.org/entity/Q183412,EMI,songs,1
Q735579,London Town,http://www.wikidata.org/entity/Q735579,http://www.wikidata.org/prop/direct/P264,record label,http://www.wikidata.org/entity/Q183412,EMI,songs,1
Q585163,I Can Only Imagine,http://www.wikidata.org/entity/Q585163,http://www.wikidata.org/prop/direct/P264,record label,http://www.wikidata.org/entity/Q183412,EMI,songs,1
Q677574,Jealousy,http://www.wikidata.org/entity/Q677574,http://www.wikidata.org/prop/direct/P264,record label,http://www.wikidata.org/entity/Q183412,EMI,songs,1
Q540201,Market Square Heroes,http://www.wikidata.org/entity/Q540201,http://www.wikidata.org/prop/direct/P264,record label,http://www.wikidata.org/entity/Q183412,EMI,songs,1
Q822199,Living Darfur,http://www.wikidata.org/entity/Q822199,http://www.wikidata.org/prop/direct/P264,record label,http://www.wikidata.org/entity/Q183412,EMI,songs,1
Q723150,The World Tonight,http://www.wikidata.org/entity/Q723150,http://www.wikidata.org/prop/direct/P264,record label,http://www.wikidata.org/entity/Q183412,EMI,songs,1
Q1317851,Tell Me Why,http://www.wikidata.org/entity/Q1317851,http://www.wikidata.org/prop/direct/P264,record label,http://www.wikidata.org/entity/Q183412,EMI,songs,1
Q382928,What About My Dreams?,http://www.wikidata.org/entity/Q382928,http://www.wikidata.org/prop/direct/P264,record label,http://www.wikidata.org/entity/Q183412,EMI,songs,1
Q1412865,My Melancholy Blues,http://www.wikidata.org/entity/Q1412865,http://www.wikidata.org/prop/direct/P264,record label,http://www.wikidata.org/entity/Q183412,EMI,songs,1
Q1628085,Spellbound,http://www.wikidata.org/entity/Q1628085,http://www.wikidata.org/prop/direct/P264,record label,http://www.wikidata.org/entity/Q183412,EMI,songs,1
Q127752,Glass of Water,http://www.wikidata.org/entity/Q127752,http://www.wikidata.org/prop/direct/P264,record label,http://www.wikidata.org/entity/Q183412,EMI,songs,1
Q617767,I Wanna Go Crazy,http://www.wikidata.org/entity/Q617767,http://www.wikidata.org/prop/direct/P264,record label,http://www.wikidata.org/entity/Q183412,EMI,songs,1
Q942142,Born Again,http://www.wikidata.org/entity/Q942142,http://www.wikidata.org/prop/direct/P264,record label,http://www.wikidata.org/entity/Q183412,EMI,songs,1
Q1102460,Closer,http://www.wikidata.org/entity/Q1102460,http://www.wikidata.org/prop/direct/P264,record label,http://www.wikidata.org/entity/Q183412,EMI,songs,1
Q574988,Gee,http://www.wikidata.org/entity/Q574988,http://www.wikidata.org/prop/direct/P264,record label,http://www.wikidata.org/entity/Q7288652,Rama,songs,0
Q963343,Love Takes Time,http://www.wikidata.org/entity/Q963343,http://www.wikidata.org/prop/direct/P264,record label,http://www.wikidata.org/entity/Q183387,Columbia Records,songs,0
Q1767236,Unintended,http://www.wikidata.org/entity/Q1767236,http://www.wikidata.org/prop/direct/P264,record label,http://www.wikidata.org/entity/Q2299832,Mushroom Records,songs,0
Q300390,A Different Corner,http://www.wikidata.org/entity/Q300390,http://www.wikidata.org/prop/direct/P264,record label,http://www.wikidata.org/entity/Q183387,Columbia Records,songs,0
Q676207,Little Lies,http://www.wikidata.org/entity/Q676207,http://www.wikidata.org/prop/direct/P264,record label,http://www.wikidata.org/entity/Q843402,Warner Bros. Records,songs,0
Q1461284,Alive,http://www.wikidata.org/entity/Q1461284,http://www.wikidata.org/prop/direct/P264,record label,http://www.wikidata.org/entity/Q216364,Epic Records,songs,0
Q753940,Don't Let Me Be the Last to Know,http://www.wikidata.org/entity/Q753940,http://www.wikidata.org/prop/direct/P264,record label,http://www.wikidata.org/entity/Q27184,Jive Records,songs,0
Q650074,What I Go to School For,http://www.wikidata.org/entity/Q650074,http://www.wikidata.org/prop/direct/P264,record label,http://www.wikidata.org/entity/Q38903,Universal Music Group,songs,0
Q649877,Who's Laughing Now,http://www.wikidata.org/entity/Q649877,http://www.wikidata.org/prop/direct/P264,record label,http://www.wikidata.org/entity/Q2002177,Lava Records,songs,0
Q927841,Never Too Far,http://www.wikidata.org/entity/Q927841,http://www.wikidata.org/prop/direct/P264,record label,http://www.wikidata.org/entity/Q203059,Virgin Music,songs,0
Q609846,What You Know,http://www.wikidata.org/entity/Q609846,http://www.wikidata.org/prop/direct/P264,record label,http://www.wikidata.org/entity/Q202440,Atlantic Records,songs,0
Q1655243,I Miss You,http://www.wikidata.org/entity/Q1655243,http://www.wikidata.org/prop/direct/P264,record label,http://www.wikidata.org/entity/Q387539,Hollywood Records,songs,0
Q838317,Have a Cigar,http://www.wikidata.org/entity/Q838317,http://www.wikidata.org/prop/direct/P264,record label,http://www.wikidata.org/entity/Q1324712,Harvest,songs,0
Q765675,I Know You Want Me,http://www.wikidata.org/entity/Q765675,http://www.wikidata.org/prop/direct/P264,record label,http://www.wikidata.org/entity/Q7225891,Polo Grounds Music,songs,0
Q587683,Millennium,http://www.wikidata.org/entity/Q587683,http://www.wikidata.org/prop/direct/P264,record label,http://www.wikidata.org/entity/Q1088453,Chrysalis Records,songs,0
Q1653660,Better Than You,http://www.wikidata.org/entity/Q1653660,http://www.wikidata.org/prop/direct/P264,record label,http://www.wikidata.org/entity/Q208909,Parlophone,songs,0
Q725876,Dance in the Dark,http://www.wikidata.org/entity/Q725876,http://www.wikidata.org/prop/direct/P264,record label,http://www.wikidata.org/entity/Q231694,Interscope Records,songs,0
Q112138,Signs,http://www.wikidata.org/entity/Q112138,http://www.wikidata.org/prop/direct/P264,record label,http://www.wikidata.org/entity/Q212699,Geffen Records,songs,0
Q202567,The Look of Love,http://www.wikidata.org/entity/Q202567,http://www.wikidata.org/prop/direct/P264,record label,http://www.wikidata.org/entity/Q165745,Mercury Records,songs,0
Q650543,Alive,http://www.wikidata.org/entity/Q650543,http://www.wikidata.org/prop/direct/P264,record label,http://www.wikidata.org/entity/Q585643,Atco Records,songs,0
Q28004,'Till I Collapse,http://www.wikidata.org/entity/Q28004,http://www.wikidata.org/prop/direct/P264,record label,http://www.wikidata.org/entity/Q231694,Interscope Records,songs,0
Q37128,Ride,http://www.wikidata.org/entity/Q37128,http://www.wikidata.org/prop/direct/P264,record label,http://www.wikidata.org/entity/Q155152,Polydor Records,songs,0
Q194499,The Lazy Song,http://www.wikidata.org/entity/Q194499,http://www.wikidata.org/prop/direct/P264,record label,http://www.wikidata.org/entity/Q7096180,Open Road Recordings,songs,0
Q592074,Love Me,http://www.wikidata.org/entity/Q592074,http://www.wikidata.org/prop/direct/P264,record label,http://www.wikidata.org/entity/Q947109,The Island Def Jam Music Group,songs,0
Q861337,I'm a Slave 4 U,http://www.wikidata.org/entity/Q861337,http://www.wikidata.org/prop/direct/P264,record label,http://www.wikidata.org/entity/Q27184,Jive Records,songs,0
Q908968,Don’t Stop (Funkin’ 4 Jamaica),http://www.wikidata.org/entity/Q908968,http://www.wikidata.org/prop/direct/P264,record label,http://www.wikidata.org/entity/Q203059,Virgin Music,songs,0
Q21096,I Don't Give a Fuck,http://www.wikidata.org/entity/Q21096,http://www.wikidata.org/prop/direct/P264,record label,http://www.wikidata.org/entity/Q231694,Interscope Records,songs,0
Q1748947,Quelque part,http://www.wikidata.org/entity/Q1748947,http://www.wikidata.org/prop/direct/P264,record label,http://www.wikidata.org/entity/Q38903,Universal Music Group,songs,0
Q464209,Rita May,http://www.wikidata.org/entity/Q464209,http://www.wikidata.org/prop/direct/P264,record label,http://www.wikidata.org/entity/Q183387,Columbia Records,songs,0
Q484619,Nobody,http://www.wikidata.org/entity/Q484619,http://www.wikidata.org/prop/direct/P264,record label,http://www.wikidata.org/entity/Q483238,JYP Entertainment,songs,0
Q1705337,Off to the Races,http://www.wikidata.org/entity/Q1705337,http://www.wikidata.org/prop/direct/P264,record label,http://www.wikidata.org/entity/Q231694,Interscope Records,songs,0
Q551539,Paris Latino,http://www.wikidata.org/entity/Q551539,http://www.wikidata.org/prop/direct/P264,record label,http://www.wikidata.org/entity/Q203059,Virgin Music,songs,0
Q324803,My Kind of Lady,http://www.wikidata.org/entity/Q324803,http://www.wikidata.org/prop/direct/P264,record label,http://www.wikidata.org/entity/Q277626,A&M Records,songs,0
Q640295,Back Off Boogaloo,http://www.wikidata.org/entity/Q640295,http://www.wikidata.org/prop/direct/P264,record label,http://www.wikidata.org/entity/Q213710,Apple Records,songs,0
Q263957,I Can Transform Ya,http://www.wikidata.org/entity/Q263957,http://www.wikidata.org/prop/direct/P264,record label,http://www.wikidata.org/entity/Q27184,Jive Records,songs,0
Q746875,Last Friday Night (T.G.I.F.),http://www.wikidata.org/entity/Q746875,http://www.wikidata.org/prop/direct/P264,record label,http://www.wikidata.org/entity/Q193023,Capitol Records,songs,0
Q611498,On a Plain,http://www.wikidata.org/entity/Q611498,http://www.wikidata.org/prop/direct/P264,record label,http://www.wikidata.org/entity/Q2311775,DGC Records,songs,0
Q683419,Lucky,http://www.wikidata.org/entity/Q683419,http://www.wikidata.org/prop/direct/P264,record label,http://www.wikidata.org/entity/Q27184,Jive Records,songs,0
Q595370,Open Your Heart,http://www.wikidata.org/entity/Q595370,http://www.wikidata.org/prop/direct/P264,record label,http://www.wikidata.org/entity/Q843402,Warner Bros. Records,songs,0
Q1158207,Tell Me,http://www.wikidata.org/entity/Q1158207,http://www.wikidata.org/prop/direct/P264,record label,http://www.wikidata.org/entity/Q203059,Virgin Music,songs,0
Q790008,Bang Bang Bang,http://www.wikidata.org/entity/Q790008,http://www.wikidata.org/prop/direct/P264,record label,http://www.wikidata.org/entity/Q387539,Hollywood Records,songs,0
Q1749036,Meet Me on the Equinox,http://www.wikidata.org/entity/Q1749036,http://www.wikidata.org/prop/direct/P264,record label,http://www.wikidata.org/entity/Q2964464,Chop Shop Records,songs,0
Q659370,Nuit de folie,http://www.wikidata.org/entity/Q659370,http://www.wikidata.org/prop/direct/P264,record label,http://www.wikidata.org/entity/Q43380,CBS,songs,0
Q1044354,So What,http://www.wikidata.org/entity/Q1044354,http://www.wikidata.org/prop/direct/P264,record label,http://www.wikidata.org/entity/Q27184,Jive Records,songs,0
Q943426,She's the One,http://www.wikidata.org/entity/Q943426,http://www.wikidata.org/prop/direct/P264,record label,http://www.wikidata.org/entity/Q1088453,Chrysalis Records,songs,0
Q806469,Bangarang,http://www.wikidata.org/entity/Q806469,http://www.wikidata.org/prop/direct/P264,record label,http://www.wikidata.org/entity/Q202440,Atlantic Records,songs,0
Q834275,I'm with You,http://www.wikidata.org/entity/Q834275,http://www.wikidata.org/prop/direct/P264,record label,http://www.wikidata.org/entity/Q664167,Arista Records,songs,0
Q725336,Nine Million Bicycles,http://www.wikidata.org/entity/Q725336,http://www.wikidata.org/prop/direct/P264,record label,http://www.wikidata.org/entity/Q5305769,Dramatico,songs,0
Q939998,La Isla Bonita,http://www.wikidata.org/entity/Q939998,http://www.wikidata.org/prop/direct/P264,record label,http://www.wikidata.org/entity/Q843402,Warner Bros. Records,songs,0
Q1075319,The Invisible Man,http://www.wikidata.org/entity/Q1075319,http://www.wikidata.org/prop/direct/P264,record label,http://www.wikidata.org/entity/Q208909,Parlophone,songs,0
Q832285,Video Phone,http://www.wikidata.org/entity/Q832285,http://www.wikidata.org/prop/direct/P264,record label,http://www.wikidata.org/entity/Q121698,J Records,songs,0
Q517591,The Show Must Go On,http://www.wikidata.org/entity/Q517591,http://www.wikidata.org/prop/direct/P264,record label,http://www.wikidata.org/entity/Q208909,Parlophone,songs,0
Q371487,Smack My Bitch Up,http://www.wikidata.org/entity/Q371487,http://www.wikidata.org/prop/direct/P264,record label,http://www.wikidata.org/entity/Q1123947,XL Recordings,songs,0
Q761812,Fight for This Love,http://www.wikidata.org/entity/Q761812,http://www.wikidata.org/prop/direct/P264,record label,http://www.wikidata.org/entity/Q645889,Reprise Records,songs,0
Q239217,Someday,http://www.wikidata.org/entity/Q239217,http://www.wikidata.org/prop/direct/P264,record label,http://www.wikidata.org/entity/Q183387,Columbia Records,songs,0
Q19976,Somewhere I Belong,http://www.wikidata.org/entity/Q19976,http://www.wikidata.org/prop/direct/P264,record label,http://www.wikidata.org/entity/Q843402,Warner Bros. Records,songs,0
Q1519922,"Get Up, Stand Up",http://www.wikidata.org/entity/Q1519922,http://www.wikidata.org/prop/direct/P264,record label,http://www.wikidata.org/entity/Q190585,Island Records,songs,0
Q903546,Delilah,http://www.wikidata.org/entity/Q903546,http://www.wikidata.org/prop/direct/P264,record label,http://www.wikidata.org/entity/Q557632,Decca,songs,0
Q897971,I Like It Loud,http://www.wikidata.org/entity/Q897971,http://www.wikidata.org/prop/direct/P264,record label,http://www.wikidata.org/entity/Q1262889,ANOHNI,songs,0
Q592963,Let the Good Times Roll,http://www.wikidata.org/entity/Q592963,http://www.wikidata.org/prop/direct/P264,record label,http://www.wikidata.org/entity/Q557632,Decca,songs,0
Q942405,Two Hearts,http://www.wikidata.org/entity/Q942405,http://www.wikidata.org/prop/direct/P264,record label,http://www.wikidata.org/entity/Q203059,Virgin Music,songs,0
Q577097,Spinning Around,http://www.wikidata.org/entity/Q577097,http://www.wikidata.org/prop/direct/P264,record label,http://www.wikidata.org/entity/Q208909,Parlophone,songs,0
Q449698,Always Be My Baby,http://www.wikidata.org/entity/Q449698,http://www.wikidata.org/prop/direct/P264,record label,http://www.wikidata.org/entity/Q183387,Columbia Records,songs,0
Q577366,Martyr,http://www.wikidata.org/entity/Q577366,http://www.wikidata.org/prop/direct/P264,record label,http://www.wikidata.org/entity/Q240804,Mute Records,songs,0
Q155029,Can't Get You Out of My Head,http://www.wikidata.org/entity/Q155029,http://www.wikidata.org/prop/direct/P264,record label,http://www.wikidata.org/entity/Q2299832,Mushroom Records,songs,0
Q813954,Beds Are Burning,http://www.wikidata.org/entity/Q813954,http://www.wikidata.org/prop/direct/P264,record label,http://www.wikidata.org/entity/Q183387,Columbia Records,songs,0
Q695648,All That She Wants,http://www.wikidata.org/entity/Q695648,http://www.wikidata.org/prop/direct/P264,record label,http://www.wikidata.org/entity/Q664167,Arista Records,songs,0
Q1219220,What She Came For,http://www.wikidata.org/entity/Q1219220,http://www.wikidata.org/prop/direct/P264,record label,http://www.wikidata.org/entity/Q1238400,Domino Recording Company,songs,0
Q635148,Never Again,http://www.wikidata.org/entity/Q635148,http://www.wikidata.org/prop/direct/P264,record label,http://www.wikidata.org/entity/Q18628,Roadrunner Records,songs,0
Q49585,With a Child's Heart,http://www.wikidata.org/entity/Q49585,http://www.wikidata.org/prop/direct/P264,record label,http://www.wikidata.org/entity/Q165745,Mercury Records,songs,0
Q300486,A Moment Like This,http://www.wikidata.org/entity/Q300486,http://www.wikidata.org/prop/direct/P264,record label,http://www.wikidata.org/entity/Q202585,RCA Records,songs,0
Q430243,The Ghost of You,http://www.wikidata.org/entity/Q430243,http://www.wikidata.org/prop/direct/P264,record label,http://www.wikidata.org/entity/Q1146832,Eyeball Records,songs,0
Q633376,It's So Easy,http://www.wikidata.org/entity/Q633376,http://www.wikidata.org/prop/direct/P264,record label,http://www.wikidata.org/entity/Q212699,Geffen Records,songs,0
Q641217,Gravity,http://www.wikidata.org/entity/Q641217,http://www.wikidata.org/prop/direct/P264,record label,http://www.wikidata.org/entity/Q1202628,Victor Entertainment,songs,0
Q1067049,Let's Get Loud,http://www.wikidata.org/entity/Q1067049,http://www.wikidata.org/prop/direct/P264,record label,http://www.wikidata.org/entity/Q3177666,Work Group,songs,0
Q596029,Nas Ne Dogonyat,http://www.wikidata.org/entity/Q596029,http://www.wikidata.org/prop/direct/P264,record label,http://www.wikidata.org/entity/Q38903,Universal Music Group,songs,0
Q842176,Good Vibrations,http://www.wikidata.org/entity/Q842176,http://www.wikidata.org/prop/direct/P264,record label,http://www.wikidata.org/entity/Q193023,Capitol Records,songs,0
Q526420,The Captain of Her Heart,http://www.wikidata.org/entity/Q526420,http://www.wikidata.org/prop/direct/P264,record label,http://www.wikidata.org/entity/Q277626,A&M Records,songs,0
Q1588968,Live (for the One I Love),http://www.wikidata.org/entity/Q1588968,http://www.wikidata.org/prop/direct/P264,record label,http://www.wikidata.org/entity/Q183387,Columbia Records,songs,0
Q1624923,Hollywood Hills,http://www.wikidata.org/entity/Q1624923,http://www.wikidata.org/prop/direct/P264,record label,http://www.wikidata.org/entity/Q193023,Capitol Records,songs,0
Q850999,Father Time,http://www.wikidata.org/entity/Q850999,http://www.wikidata.org/prop/direct/P264,record label,http://www.wikidata.org/entity/Q703603,Noise Records,songs,0
Q1050963,I Don't Wanna Cry,http://www.wikidata.org/entity/Q1050963,http://www.wikidata.org/prop/direct/P264,record label,http://www.wikidata.org/entity/Q183387,Columbia Records,songs,0
Q257915,"Qué Será, Será",http://www.wikidata.org/entity/Q257915,http://www.wikidata.org/prop/direct/P264,record label,http://www.wikidata.org/entity/Q794555,Sunshine Records,songs,0
Q1067049,Let's Get Loud,http://www.wikidata.org/entity/Q1067049,http://www.wikidata.org/prop/direct/P264,record label,http://www.wikidata.org/entity/Q183387,Columbia Records,songs,0
